54b6b134ec284303009fbe5d 15Jan15|05:11 "Alex Ballesté" <alex.balleste@gmail.com>
54b27406bf38a80200f6df7c 15Jan12|00:00 "James Kiesel" <james@loomio.org>
54b0bbd4f2203b02007366d5 15Jan10|16:42 "Phil Hammer" <biggiephil@gmail.com>
54a718077551bd0200e2413d 15Jan03|09:13 "Alberto Maria Angelo Paro" <alberto.paro@gmail.com>
54a6e2527551bd0200e2413c 15Jan03|05:24 "Fabien Foerster" <fabienfoerster@gmail.com>
549fd8a83a0ad90200e7a72f 14Dec28|21:17 "Svetlana Sapelova" <svetsapelova@gmail.com>
549300c762877c0200d0ef44 14Dec19|03:28 "Marco Andreotti" <theclash89@gmail.com>
548f5017ca0ca30200acd4ba 14Dec16|08:18 "Ishan Chatterjee" <ishan.chatterjee@gmail.com>
548f0b63f75ad80200716755 14Dec16|03:25 "Joshua Sierles" <joshua@diluvia.net>
548d20f47f25630200002ff8 14Dec14|16:32 "Matthew Hull" <hull.matt@gmail.com>
548b71576385270200055463 14Dec13|09:51 "Loïc Blablaa" <loicpayol@gmail.com>
5488a64c00142d0200640761 14Dec11|07:00 "Mark Sergienko" <ffab00@gmail.com>
54877a0a70029b0200ba4fda 14Dec10|09:39 "Anton Samper Rivaya" <antonsamper@gmail.com>
54835594ef9c8702006e0c46 14Dec07|06:14 "Brian Feister" <brian@dreamstarstudios.com>
54820b4b9bb830020054f7f5 14Dec06|06:45 "Prashant Singh Pawar" <prashantpawar@gmail.com>
548065bc5ca4470200976ff2 14Dec05|00:46 "Mark Reid" <mark5422@gmail.com>
547f2bc7b31b810200634013 14Dec04|02:27 "Adi Vemuru" <vemuruadi@gmail.com>
547a3ff15caf8e02001b5a1e 14Nov30|08:51 "Thiago Correa" <thiagobocorrea@gmail.com>
5477a990fd97ae0200b31e8d 14Nov28|09:45 "Boris Barroso" <boriscyber@gmail.com>
5477434a494b0302008960e0 14Nov28|02:29 "Nicolas Bronstein" <nico@morningmedia.org>
54767f65494b0302008960d1 14Nov27|12:33 "Pablo Martelletti" <pmartelletti@gmail.com>
5475bab0dbb36b02000a3ced 14Nov26|22:34 "Rahil Wazir Ali" <rahilwazirali@gmail.com>
5474f7ef60f59c0200d78654 14Nov26|08:43 "Rashad Aliyev" <microphprashad@gmail.com>
5474d0eac72bc30200545596 14Nov26|05:56 "Yuji Tomita" <yuji@studioparadise.com>
54742ebfc72bc30200545571 14Nov25|18:24 "Yunhua Xiao" <dmccer@gmail.com>
547084ee16671e0200fdebe5 14Nov22|23:43 "awais khan" <awaisa@gmail.com>
546e76b909c43002002f8108 14Nov21|10:18 "Christophe Philemotte" <christophe.philemotte@8thcolor.com>
546dda7095f51202002729d6 14Nov20|23:11 "Kris Khaira" <kris.khaira@gmail.com>
546d570995f51202002729bc 14Nov20|13:50 "Edward Suh" <esuh518@gmail.com>
5466eae59cc8b2020030d408 14Nov15|16:55 "Vijay Ganta" <vijquick@gmail.com>
5466259d5773ed0200dc3060 14Nov15|02:54 "Austen Talbot" <austentalbot@gmail.com>
54661a26653dfb0200bd6fc2 14Nov15|02:05 "Cihan DURUER" <cihan.duruer@gmail.com>
5466041c653dfb0200bd6fb2 14Nov15|00:31 "Carsten Schwede" <carsten.schwede@gmail.com>
5464fafb653dfb0200bd6f6b 14Nov14|05:39 "Stan Reshetnyk" <siriushire@gmail.com>
546193c8fdfe880200e6be48 14Nov11|15:42 "Davis Koh" <davis.koh@crowdsurge.com>
546128999c1ab9020006a2d4 14Nov11|08:05 "Fredrik Sundmyhr" <fredriksundmyhr@gmail.com>
545bb77595648202009596f4 14Nov07|05:01 "Ollie Bennett" <olliebennett@gmail.com>
545b3f731152230200f07574 14Nov06|20:29 "Pierre SCHREPEL (Toolito)" <pietro57360@gmail.com>
5452d2f7aae713020091cada 14Oct31|11:08 "Samson Quaye" <snaquaye@gmail.com>
54527ba22ea71a0200945425 14Oct31|04:55 "Santiago Prieto" <santiago@second-sun.co>
5451638762f71c0200778668 14Oct30|09:00 "Ryan Florence" <rpflorence@gmail.com>
545155883edeb20200631493 14Oct30|08:00 "Alan McGinlay" <amcginlay@gmail.com>
5450ceffca4406020033b414 14Oct29|22:26 "Carlos Ribeiro" <carlos.ribeiro@carlosribeiro.me>
545080b4ca4406020033b40a 14Oct29|16:52 "Michael Chelen" <michael.chelen@gmail.com>
544fc21240a44d0200573d18 14Oct29|03:19 "Cédric “Maman” Brancourt" <cedric.brancourt@gmail.com>
544fa8a4ace1a60200d36ca8 14Oct29|01:31 "William “Scott” Moss" <willscottmoss@gmail.com>
544f096f40a44d0200573d05 14Oct28|14:11 "Ian Bone" <ianbonerundle@gmail.com>
544ecdbfe021750200afdbca 14Oct28|09:57 "Adnan Ibrišimbegović" <adibih@gmail.com>
544e8005257c030200b361ce 14Oct28|04:25 "Jonathan Koshi" <jkoshi@gmail.com>
544e19e0ddb85002006f9ea9 14Oct27|21:09 "William Herring" <william.herring.jr@gmail.com>
544da9ac257c030200b361b7 14Oct27|13:10 "Kenny Meyer" <knny.myer@gmail.com>
544b8b174281d1020078c03e 14Oct25|22:35 "Sathyajith Bhat" <sathya@sathyasays.com>
544a91566bd5520200f35eb1 14Oct25|04:50 "Marko Knöbl" <marko.kn@gmail.com>
544838591b690f0200d7e6a0 14Oct23|10:06 "Harvey Multani" <harvey.multani@gmail.com>
5446ff803dc34e0200bca4dc 14Oct22|11:51 "Long Vuong" <vqlong2014@gmail.com>
5446acd7e390b5020098572f 14Oct22|05:58 "Phil Pratt-Szeliga" <pcpratts@trifort.org>
54461955a9bac902000aac7d 14Oct21|19:29 "Tran Duy" <fcopensuse@gmail.com>
54451c704e6c9f02000063b7 14Oct21|01:30 "Roman Coedo" <romancoedo@gmail.com>
5444d5349916ed02004a2cbd 14Oct20|20:26 "Alessio Delmonti" <alessio.d@gmail.com>
5444005f9e1c3402008dd7d1 14Oct20|05:18 "Daniel Domit" <ddomit@micheldomit.com>
5442cc8f3cde7c0200df271e 14Oct19|07:24 "Lee Brown" <lee@tune.com>
54429136bd77240200437fd4 14Oct19|03:11 "David Ehlers" <david@notthatthis.com>
543fd677e0df2e0200cde832 14Oct17|01:30 "Nathan Le Ray" <oyokoon@gmail.com>
543f9399d0715302007fbf53 14Oct16|20:44 "Sergei Chudievich" <kuuu1010100@gmail.com>
543eaada88ad6b02000b7e97 14Oct16|04:11 "Norbert Sebők" <seboknorbi@gmail.com>
543d9ee41c1c8c0200acc7ce 14Oct15|09:08 "Joshua Boyd" <boydjd@jbip.net>
543c0247b091180200a530b2 14Oct14|03:48 "Amr Tamimi (amrnt)" <amrnt0@gmail.com>
5438b16a74c3a50200b1581b 14Oct11|15:26 "Kamen Mazdrashki" <kamenim@gmail.com>
54386854e764400200ba11ce 14Oct11|10:14 "Matt Momont" <matt.momont@gmail.com>
54369c935e180602006b9686 14Oct10|01:32 "Sergio Maziano" <sergio.maziano@gmail.com>
5435136d93da5502006c4554 14Oct08|21:35 "Yeray Caballero" <yeraycaballero@gmail.com>
5434ab8493bb9a0200185fc8 14Oct08|14:12 "Savant Krishna" <savant.2020@gmail.com>
54343d0093da5502006c4526 14Oct08|06:20 "Damien Burke" <exmember@gmail.com>
5433f0d1a228150200504473 14Oct08|00:55 "Brian Bolger" <brianjamesbolger@gmail.com>
54336884a22815020050446a 14Oct07|15:13 "Shailendra Mathur" <shl.mathur@gmail.com>
5432e0edbbd4470200d1bac3 14Oct07|05:35 "Alex Griciuc" <agriciuc@gmail.com>
54320b26bbd4470200d1ba9d 14Oct06|14:23 "Tim Robertson" <timtfsa@gmail.com>
5431a2233afccc0200de0420 14Oct06|06:55 "Dan Thareja" <danthareja@gmail.com>
5431748bfe4ab90200a53f84 14Oct06|03:40 "Roy Barber" <roy@royand.co>
5430517aaa5d6d02007665e5 14Oct05|06:58 "Randy Fay" <randy@randyfay.com>
542fdaddaa5d6d02007665d9 14Oct04|21:32 "Vitaly Belman" <vitalyb@gmail.com>
542ee152d0126b02005e2f2c 14Oct04|03:48 "Miguel Nehmad Alche" <nehmadalche@gmail.com>
542dea50299bdb02007b73bb 14Oct03|10:14 "Charles Gsc" <jc.gasche@mac.com>
542de161885c82020031bd22 14Oct03|09:36 "Nathan Cahill" <nathan@nathancahill.com>
542c7d82656f1a0200e9971e 14Oct02|08:17 "Paul Mason" <paulmason126@gmail.com>
54299c7701392c0200ba6fb4 14Sep30|03:52 "Kurt Trumble" <kurttrumble@gmail.com>
54293951635195020040a660 14Sep29|20:49 "Brian Underwood" <brian@brian-underwood.codes>
5428e1f4f5ef1b020073902e 14Sep29|14:37 "Daved Green" <codingmusica@gmail.com>
5428cd98f5ef1b0200739027 14Sep29|13:10 "Ben Newton" <bennewton999@gmail.com>
5428a0b1b652b2020049b42f 14Sep29|09:58 "James Jelinek" <jelinek@gmail.com>
54273e4b69e46e0200b0b8e9 14Sep28|08:46 "Chris Hoffman" <chris@navigatingcancer.com>
5426183e85613502004cb57b 14Sep27|11:51 "Leo Horie" <lhorie@klick.com>
5424fccfeab3df020071d1fc 14Sep26|15:42 "Nemil Dalal" <ndalal@dreamforge.me>
5424654efbdc540200028d9b 14Sep26|04:56 "Sebastian Ricaldoni" <sebastian.ricaldoni@gmail.com>
54235d374fe8420200d311fe 14Sep25|10:09 "Jacinda Zhong" <jacindaz@gmail.com>
54231b9b4fe8420200d311f3 14Sep25|05:29 "Jonathan Gravois" <jongravois@gmail.com>
5422a6074fe8420200d311d9 14Sep24|21:07 "Sławomir Rewaj" <slawek@rewaj.net.pl>
542283bf4fe8420200d311d4 14Sep24|18:41 "Peter Dedene" <peter@zenjoy.be>
542173e319df3a0200295d7b 14Sep23|23:21 "Forbes Lindesay" <forbes.lindesay@googlemail.com>
541dcd5a1e0b49020080fbef 14Sep21|04:54 "Bo Coughlin" <bo@kikstand.com>
5419b5983aad0e0200b5364e 14Sep18|02:23 "Rebecca Garcia" <rebecca@geekgirlweb.com>
5419303053a0940200f6c1f3 14Sep17|16:54 "Ryan Kulp" <ryanckulp@gmail.com>
5417a7813f05ef0200404dc9 14Sep16|12:59 "Andrew Young" <aycodes@gmail.com>
54179a334aaffe0200ac7cc5 14Sep16|12:02 "Douglas Nomizo" <dloko7@gmail.com>
5416d03f4f61a702007f873d 14Sep15|21:40 "Seba Kerckhof" <seba.kerckhof@gmail.com>
54164e904f61a702007f8738 14Sep15|12:27 "Fraser Mince" <fraser@causelabs.co>
54134e345fb9de02001f93c0 14Sep13|05:49 "Sobin George Thomas" <sobingt@gmail.com>
5413120d79a8c60200c37d0c 14Sep13|01:32 "Peter Jackson" <pete@fasteragile.com>
54120b0df33e700200b845e0 14Sep12|06:50 "Ajay Desai" <ad@airpair.com>
5411d8fc5bccdb02006f9031 14Sep12|03:16 "Nate Beck" <nate@zaalabs.com>
540eeab471ef140200f7df94 14Sep09|21:55 "Alexandros Giouzenis" <alexandrosg@gmail.com>
540ee88471ef140200f7df8f 14Sep09|21:46 "Cainton Milroy" <m.cainton@gmail.com>
540d296bd2be6002004d8c59 14Sep08|13:58 "Nicholas Calugar" <njcalugar@gmail.com>
540cbdbb57df5902003b3106 14Sep08|06:19 "Malte Muth" <malte.muth@googlemail.com>
540a5a967b5118020051b945 14Sep06|10:51 "Michael Sealand" <msealand@gmail.com>
540a4b25b990b90200e7edc1 14Sep06|09:45 "Edwin Hoogerbeets" <ehoogerbeets@gmail.com>
540961bcac7ef80200d66ab9 14Sep05|17:09 "Tom Schuermans" <t.schuermans@gmail.com>
54093bee8d8afe02003102df 14Sep05|14:28 "Liam Nediger" <lnediger@gmail.com>
54091c03ac7ef80200d66ab8 14Sep05|12:12 "undefined" <undefined>
5408ee048d8afe02003102d4 14Sep05|08:56 "Elikem Adadevoh" <elikem@gmail.com>
5408a688bfe97f020010703d 14Sep05|03:51 "Maxwell Lahey" <maxwell.s.lahey@gmail.com>
540868da954d3e0200caa3e2 14Sep04|23:27 "Ivo Jerkovic" <ivojerkovic@gmail.com>
540794face1d4b02006b86ea 14Sep04|08:23 "Daniel Domit" <ddomit@gmail.com>
54075837954d3e0200caa3b6 14Sep04|04:04 "Jean Marie Castellucci" <jmcastellucci@gmail.com>
5405e06632e79c02008d9ed4 14Sep03|01:21 "Jonathan Sharratt" <jon@allotropy.io>
5405c984a570a602009c5999 14Sep02|23:43 "Roger Rajaratnam" <roger@ragusource.com>
54057556e518e50200d663bf 14Sep02|17:44 "Matt Insler" <matt.insler@gmail.com>
5405445ba570a602009c598a 14Sep02|14:15 "Andrei Georgescu" <andreig2191@gmail.com>
5403ac60c94d3d020003ddf8 14Sep01|09:14 "Stefan Noack" <stefan@noack-software.de>
5400f69f05b4b202000f8240 14Aug30|07:54 "charles foodog" <charlessublette@gmail.com>
5400da8805b4b202000f8237 14Aug30|05:54 "Brian Hoffmann" <slowpoke.de@gmail.com>
54002966b5860b02008d1a8d 14Aug29|17:19 "Robert Lord" <robertlordprimary@gmail.com>
53fe54aa98ca360200c02fa7 14Aug28|07:59 "Muneeb Ahmad" <muneebahmad222@gmail.com>
53fe283899a8dd0200e46661 14Aug28|04:49 "Mike Heim" <mikelheim@gmail.com>
53fcc757054f3d0200ba1ba8 14Aug27|03:43 "Flavio Portela" <portela828@gmail.com>
53fcbe2a88b04602008451bc 14Aug27|03:04 "Juan José Presa Rodal" <juanjop@gmail.com>
53fca3c7054f3d0200ba1b92 14Aug27|01:12 "Brendan Wovchko" <wovchko@huge.io>
53fc888e1b6f310200a53e84 14Aug26|23:15 "Renan Grativol" <renangrativol@gmail.com>
53fa40b4b96d0102006e8172 14Aug25|05:44 "Marjorie Roswell" <mroswell@gmail.com>
53f9c642ba6d0f0200746705 14Aug24|21:02 "Andy Brennenstuhl" <thewebists@gmail.com>
53f83131ff834a0200437252 14Aug23|16:14 "Behrad Zari" <behradz@gmail.com>
53f775c563c6a802001eab97 14Aug23|02:54 "Corey Leigh Latislaw" <colabug@gmail.com>
53f73a192dd89e0200fab9bc 14Aug22|22:39 "Adriano Godoy" <godoy.ccp@gmail.com>
53f695bcd952ac0200b9cada 14Aug22|10:58 "Malte Münchert" <muenchert@gmail.com>
53f4df21ae42b00200e6387b 14Aug21|03:47 "Lance Ennen" <byennen@gmail.com>
53f47f6ba1b1c40200b68a53 14Aug20|20:58 "Natalie Foo" <natalie@susumu.co.uk>
53f462c2dda4cb02000e11db 14Aug20|18:56 "Philip Paetz" <philip.paetz@googlemail.com>
53f44e69dda4cb02000e11d8 14Aug20|17:29 "Stefan Haflidason" <styrmis@gmail.com>
53f3ee7234388b0200cf7732 14Aug20|10:40 "Edward Jacoby" <edjacoby@gmail.com>
53f39948e5a37d0200467880 14Aug20|04:36 "Rodric Haddad (rodyhaddad)" <rody@rodyhaddad.com>
53f2ad2deb58000200f85bf9 14Aug19|11:49 "Gideon Wulfsohn" <gideon.wulfsohn@gmail.com>
53f2a05d9d878a0200fec5d7 14Aug19|10:54 "Faizaan Shamsi" <faizaan2000@gmail.com>
53f02ca00bb2c6020032345f 14Aug17|14:16 "Jonathan Ng" <jpn@bonjourn.al>
53ed55a7ffa3bb0200648578 14Aug15|10:34 "Will Jessop" <wjessop@gmail.com>
53ed036210db210200009239 14Aug15|04:43 "Koby Soto" <koby@guesty.com>
53ecb93a9a04e20200381439 14Aug14|23:27 "Francis Altomare" <lostirc@gmail.com>
53ec4f9f6d77940200cbcda4 14Aug14|15:56 "Andrew Russo" <russoandrew22@gmail.com>
53ea655ec2b25e0200ce8036 14Aug13|05:05 "Sandro Padin" <sandropadin@gmail.com>
53e937881a3c0f0200857deb 14Aug12|07:37 "Brian Gilham" <me@briangilham.com>
53e930111a3c0f0200857de7 14Aug12|07:05 "Emily Rose" <nexxy@saucelabs.com>
53e92d726a5d0c0200a99d70 14Aug12|06:54 "Dhaval Parekh" <dpparekh@gmail.com>
53e8141a6be6a302000b1448 14Aug11|10:53 "Alex Aguilar" <alexagui@gmail.com>
53e6117ca7035d02005ef639 14Aug09|22:18 "Ashish Prajapati" <mail@ashishprajapati.com>
53e3419ade481e020080851f 14Aug07|19:06 "dan smith" <xx1011@gmail.com>
53e273b1507a860200a54235 14Aug07|04:28 "Thomas Levine" <thomas.levine@gmail.com>
53e26828507a860200a5422d 14Aug07|03:38 "Gabe Zichermann" <gzicherm@gmail.com>
53e18bb830eee70200b35fec 14Aug06|11:58 "John Smith" <jeffgoogle@brownboot.com>
53e1620b608452020022ffda 14Aug06|09:00 "Joshua Woodward" <jw@woodwardmedia.net>
53e15b2ba9537b0200ab3cfe 14Aug06|08:31 "Wesley Bancroft" <wesley.bancroft@gmail.com>
53e155b786a0e70200ddeaa9 14Aug06|08:07 "Michael Deering" <mdeering@mdeering.com>
53e051dd1c826c0200ce6848 14Aug05|13:39 "Gabriel Givigier" <okkayu@gmail.com>
53e0415d26e23d02005d73ec 14Aug05|12:28 "Marco Villaseñor" <marco@villasenor.net>
53e0282a44b4650200e801d9 14Aug05|10:41 "Matt Pruitt" <matt.pruitt@gmail.com>
53e02387b5b87a0200c03882 14Aug05|10:21 "Susan C. Daniero" <sdaniero@cmsadgroup.com>
53e01d6ad819270200897a6c 14Aug05|09:55 "Devan Beitel" <devan.beitel@gmail.com>
53e00139c968e002005d9819 14Aug05|07:55 "Ben Zhang" <legendben2@gmail.com>
53dfbc5638323f020036201c 14Aug05|03:01 "Nate Norrgard" <nate.norrgard@gmail.com>
53dedd1351422d020091d326 14Aug04|11:08 "King Chan" <chanking@gmail.com>
53dd60da9594300200148e28 14Aug03|08:06 "Alexander Coco" <alex.coco@gmail.com>
53dd3ef5b066f002006f2062 14Aug03|05:41 "Aaron Pigeon" <acpigeon@gmail.com>
53dcece19dacee02004b1810 14Aug02|23:51 "Pete Keen" <peter.keen@gmail.com>
53dc0354733501020051fad9 14Aug02|07:15 "Ioana Alexandra Goga" <goga_ioana@yahoo.com>
53dbfc7b0d820002004e6cbc 14Aug02|06:45 "Dmitriy Baklikov" <ch1m1der@gmail.com>
53dbeadf0a32810200d037aa 14Aug02|05:30 "Morgan Janes" <mjanes88@gmail.com>
53dab0fdb0734b02006a4329 14Aug01|07:11 "Vince Broz" <vince@broz.cc>
53daa4aadb053a0200c4d91f 14Aug01|06:18 "Alexander Jerneck" <alexander.jerneck@gmail.com>
53daa33222d1f70200391a03 14Aug01|06:12 "Jessica Shternshus" <jessie@improveffect.com>
53da9f1f22d1f702003919fc 14Aug01|05:55 "Dylan Markow" <dylan@dylanmarkow.com>
53d9ed8530ae42020094bac6 14Jul31|17:17 "Iryna Newman" <iryna.newman@gmail.com>
53d9b7bea45ecc0200b8dda1 14Jul31|13:27 "Chris Jeon" <chris0374@gmail.com>
53d8275db1d0530200bfcaf5 14Jul30|08:59 "Wei Leng Pointen" <dreamsnfs@gmail.com>
53d7c3840da89a0200073ae8 14Jul30|01:53 "Jon Clements" <joncle@googlemail.com>
53d71da721e17f0200d36e26 14Jul29|14:05 "Thomas Griffin" <thomas.griffin@artsquare.com>
53d6b1d798043602005b54f8 14Jul29|06:25 "Justin Litchfield" <alkaloids@gmail.com>
53d6782af3ba1f0200b47d65 14Jul29|02:19 "Nan Liu" <nan@bodeco.io>
53d58e69bbc29c02004207c8 14Jul28|09:42 "Raj Bapna" <rajbapna@gmail.com>
53d549f6bbc29c02004207b9 14Jul28|04:50 "Víctor M. González García" <victor@tok3n.com>
53d4b80d258c050200f039d6 14Jul27|18:27 "Elias Lecomte" <elias.lecomte@gmail.com>
53d4ae4afd23b3020020920f 14Jul27|17:46 "Joel Nothman" <joel.nothman@gmail.com>
53d2a80f072ebf020082cbd5 14Jul26|04:55 "Ben Babics" <bbabics@gmail.com>
53d0ff45dbcc3b0200b30113 14Jul24|22:42 "Edoardo Viviani" <edoardo.viviani@gmail.com>
53d027222c51690200328c4e 14Jul24|07:20 "Chad W Pry" <chad.pry@gmail.com>
53cfcaf3a60ad902009c594d 14Jul24|00:47 "Ilya Krasnov" <ilya.krasnov@gmail.com>
53ced77ca60ad902009c592a 14Jul23|07:28 "Michael Sattler" <michael@splitzee.com>
53cebb72debeea020029ad52 14Jul23|05:28 "Randall Tinfow" <tinfow@imageplant.net>
53ce737bf31f4102001ea2c6 14Jul23|00:21 "Jill M" <jillian.munson@gmail.com>
53ce6ebefde9170200550916 14Jul23|00:01 "Oscar Lakra" <me@oscarlakra.com>
53ce5bae97202d0200883792 14Jul22|22:40 "Mupko Akov" <mupkoo@gmail.com>
53cd893797202d020088377d 14Jul22|07:42 "Joel Brewer" <joelbrewer01@gmail.com>
53cd7b470ee77202005ebd41 14Jul22|06:42 "Kövi András" <allprog@gmail.com>
53cc85670ee77202005ebd07 14Jul21|13:13 "Yonaides Tavares" <yonaides@gmail.com>
53cc80dfa48bcf02005ca26b 14Jul21|12:54 "Jeremy Fine" <jjfine@gmail.com>
53c99dafd21fd3020067d6d1 14Jul19|08:20 "Alex Netsch" <alexlnetsch@gmail.com>
53c8dcef2696a50200d95ec8 14Jul18|18:38 "James Norman" <james.norman91@googlemail.com>
53c8c79a2696a50200d95ec7 14Jul18|17:07 "Kevin Dias" <diasks2@gmail.com>
53c792930b8be902009d0191 14Jul17|19:08 "Damien Tournoud" <damien@tournoud.net>
53c6dba32b29050200822bc2 14Jul17|06:08 "David Dhont" <blaxus@gmail.com>
53c49991ff901002004bbf7c 14Jul15|13:01 "Robert O'Brien" <hagrin@gmail.com>
53c3c18b73b1ec0200f834cc 14Jul14|21:39 "Francesca Giannino" <fuladuf@gmail.com>
53c18cd546edfc0200ff4a17 14Jul13|05:30 "Darian Edwards" <dariancedwards@gmail.com>
53c11b35ed202b0200bfe993 14Jul12|21:25 "William Griffiths" <wjlgriffiths@gmail.com>
53c0e60d9d4d7b0200f0b41e 14Jul12|17:38 "James Koppel" <jimmy@apptimize.com>
53c03768ed202b0200bfe97a 14Jul12|05:13 "Anthony Chu" <karming@gmail.com>
53bfe024a65f910200187896 14Jul11|23:01 "Yvan BARTHÉLEMY" <ybarthelemy@gmail.com>
53bfae9a4c54a902004466ca 14Jul11|19:30 "James Cheese" <trust@tr00st.co.uk>
53bf07424c54a902004466a3 14Jul11|07:36 "Bill Agee" <billagee@gmail.com>
53beca256ab42e02008ba103 14Jul11|03:15 "Mark Lane" <drmark@gmail.com>
53bdcb17e018c00200bd887c 14Jul10|09:07 "Rob McDiarmid" <robianmcd@gmail.com>
53bcd57983622d0200cb98da 14Jul09|15:39 "Ayhan Basmisirli" <ayhan.basmisirli@gmail.com>
53bb1a053ede5802000be2b0 14Jul08|08:07 "Supreeth Subramanya" <supreeth.bs@gmail.com>
53b75d37f7cf8b020013134d 14Jul05|12:04 "Patrick Prémont" <ppremont1@gmail.com>
53b709db077d360200e0aa02 14Jul05|06:08 "Christian Biskup" <biskupchristian01@gmail.com>
53b5df3ced0e90020027db27 14Jul04|08:54 "Bruno Brant" <brubrant@gmail.com>
53b5beee50817d0200c04dda 14Jul04|06:37 "Raj Madhuram" <rmadhuram@gmail.com>
53b59ace50817d0200c04dca 14Jul04|04:02 "Justin Leishman" <leishman.public@icloud.com>
53b5878a69548e0200ee800b 14Jul04|02:40 "Leigh Frampton" <atelierstaffing@gmail.com>
53b5807650817d0200c04dc1 14Jul04|02:10 "Dafyd Jones" <djones@wespeke.com>
53b52780040d99020046568a 14Jul03|19:50 "amit Parpiyani" <amit.parpiyanee@gmail.com>
53b42d6570a6fc0200ee919d 14Jul03|02:03 "Nate Mara" <natemara@gmail.com>
53b4074750f6b10200a0c701 14Jul02|23:21 "Ritchie Young" <ritchiey@gmail.com>
53b3f28070a6fc0200ee9194 14Jul02|21:52 "Gábor Török" <gabor@20y.hu>
53b25be4dca2770200ba458c 14Jul01|16:57 "Dan Sun" <dan.mi.sun@gmail.com>
53b251acdca2770200ba4589 14Jul01|16:14 "Zhenchao Li" <zhenchao@striking.ly>
53b19df66513e90200018ac4 14Jul01|03:27 "Nick Gault" <nlgault@gmail.com>
53b1221e9d01580200e9817e 14Jun30|18:38 "Stephen Roberts" <stephen.roberts4@gmail.com>
53b0e7d49d01580200e9817a 14Jun30|14:30 "Shane Da Silva" <contact@shanedasilva.com>
53ae2a334ececa020047bfba 14Jun28|12:36 "Bradley Dwyer" <brad@bradleydwyer.com>
53adb059b12cb602007277ce 14Jun28|03:56 "Jagtesh Chadha" <jagtesh@gmail.com>
53a9cd9dc91ac30200d3738f 14Jun25|05:12 "Matt Davis" <matt.davis@studiobanks.com>
53a8ae94fdc8da020038be75 14Jun24|08:47 "Shawn Downs" <shawndowns2002@gmail.com>
53a89e7cfdc8da020038be6d 14Jun24|07:39 "Dinkar Ganti" <dinkar.ganti@gmail.com>
53a72088374ec40200ead969 14Jun23|04:29 "Rod Castillo" <rod.m.castillo@gmail.com>
53a5e1b0b4f95c0200313897 14Jun22|05:49 "Kevin Morrill" <kevin@mattermark.com>
53a4df31362ce302004c595b 14Jun21|11:26 "Shayne Forsyth" <shayneforsyth@gmail.com>
53a48f61ba08050200d5738f 14Jun21|05:45 "Branden Wagner" <branden@pureintellect.com>
53a4105c4c0d950200bac85e 14Jun20|20:43 "Erik Guthrie" <erik.e.guthrie@gmail.com>
53a135dc17b5b00200c5c81d 14Jun18|16:46 "Mark Spivey" <markjspivey@gmail.com>
53a1125b3cfe560200cea370 14Jun18|14:15 "Kyle Robinson Young" <kyle@dontkry.com>
53a07ce46461040200facfbc 14Jun18|03:37 "colin white" <colinwhite93@gmail.com>
539faf676461040200facf9f 14Jun17|13:00 "Oussama CHOUGRANI" <oussama.chougrani@gmail.com>
539df11c86e48e0200510ffc 14Jun16|05:16 "Levi Stanley" <levi.e.stanley@eneservices.com>
539d948a17367f02009b72ba 14Jun15|22:41 "Jake Taylor" <jake.taylor@trunkery.com>
539b6e0833738502002c18bc 14Jun14|07:32 "Jason Tarre" <jason@ventureforamerica.org>
5399d8561c937902001adf5e 14Jun13|02:41 "airpair test17" <airpairtest17@gmail.com>
53988b66e4b7e2020016e7cd 14Jun12|03:01 "Ruddra Arnab" <ruddra90@gmail.com>
539768da750a67020086caa9 14Jun11|06:21 "Taylor MacDonald" <tcmacdonald@gmail.com>
53975c90750a67020086caa5 14Jun11|05:29 "G. Nicholas D'Andrea" <nick@gnidan.org>
5393043a810eb502004b9fe7 14Jun07|22:23 "Willie Redmond" <redmondwllc@gmail.com>
539175e2715af00200f56a95 14Jun06|18:03 "Stuart Bates" <stuart@builtbyclick.com>
5390074b298b57020050b064 14Jun05|15:59 "Reza Rosli" <rezarosli.adl@gmail.com>
538e0e83f47c1e020028ef5e 14Jun04|04:05 "Максим Вейнберг" <cyjimmy264@gmail.com>
538de133dec02e0200d9a2d3 14Jun04|00:52 "Kk K" <crackerplace@gmail.com>
538d313f7157c6020063b767 14Jun03|12:21 "AJ Uppal" <aj8uppal@gmail.com>
53898797352c29020060b7f1 14May31|17:41 "Aubrey Johnson" <4ubrey@gmail.com>
53893009bf2bfd02006e6594 14May31|11:27 "Dave Martin" <justanotherdavemartin@gmail.com>
5388a33a57b7330200ed4ec3 14May31|01:26 "Kevin Champion" <kevin.champion@gmail.com>
53889d81e558890200723011 14May31|01:02 "Joey Schoblaska" <joey.schoblaska@gmail.com>
5387dd28e558890200722ff9 14May30|11:21 "Adam Stockland" <adamstockland@gmail.com>
538783771d8cc70200b4ae28 14May30|04:59 "Alexander Ryan" <alex@wedistill.com>
53857ab996b0e10200bf038b 14May28|15:57 "andy derkacz" <andy.derkacz@gmail.com>
5385470a96b0e10200bf0380 14May28|12:16 "Joey Azoulai" <joeyazoulai@gmail.com>
53834d08f3661e020062870f 14May27|00:17 "Renato Nascimento" <reinato@gmail.com>
538229e51ebe800200437bfe 14May26|03:35 "Jason Smith" <jasonmichaelsmith1987@gmail.com>
53812f2251c9ab0200ab2911 14May25|09:45 "Ben Olive" <sionide21@gmail.com>
537e42216640340200dbfd5c 14May23|04:29 "Kelly Ford" <kford@dnndev.com>
537d717e4269be0200db02e2 14May22|13:39 "John McLaughlin" <jmclaughlin@shutterstock.com>
537bf8fb28843e0200036b84 14May21|10:53 "David Eaton" <admin@trafficbrowser.com>
537aecc2e1b8ae0200faf9fa 14May20|15:48 "Navendu Chandra" <navendu.chandra@gmail.com>
537ad1a2e1b8ae0200faf9f9 14May20|13:53 "Asheesh Vashishtha" <asheeshv@gmail.com>
537a7c2077bbd10200a70b0b 14May20|07:48 "Benoit Marchant" <benoit@montagestudio.com>
537962b3073b240200fb9fd6 14May19|11:47 "Richard Glover" <raglover@gmail.com>
5377477e1b499502007b088d 14May17|21:26 "Ciprian Gherghescu" <ciprian.gherghescu@gmail.com>
5376cfb21b499502007b0888 14May17|12:55 "Alexandre Oliveira" <aogsrc@gmail.com>
5375ffd998958c0200c6d32b 14May16|22:08 "Danny Berger" <dpb587@gmail.com>
53750d28ab65d3020080a2bf 14May16|04:53 "Lukas Martini" <lutoma123@gmail.com>
5374de800c949002009c6133 14May16|01:34 "sankalp singha" <sankalpsingha@gmail.com>
5372de9d23ba40020040da7f 14May14|13:10 "Michael Merritt" <mhoyer@gmail.com>
5372ce78895d340200eb77fc 14May14|12:01 "James Fickel" <jamesfickel@gmail.com>
5371680652178102007a9d3f 14May13|10:32 "Marco Ryan" <marcoryan@gmail.com>
536f10643285880200db49e2 14May11|15:53 "Shen Zen" <shen.was.zen@gmail.com>
536e180906f5b30200bda3fa 14May10|22:14 "Yasoob Khalid" <yasoobkhld@gmail.com>
536a7b1fab09d4020000000d 14May08|04:27 "Steffen Grundsøe" <steffen@grundsoe.dk>
53645185126e5b020000000a 14May03|12:16 "junkpopat" <junkpopat@gmail.com>
5363d398334cf4020000001c 14May03|03:19 "Ryan Donahue" <rdonahue.dev@gmail.com>
5362bc5fdb996d020000002b 14May02|07:27 "Adarsh Pandit" <adarsh@thoughtbot.com>
536279b396b33a020000001d 14May02|02:43 "Michael Ortali" <michael.ortali@gmail.com>
535fed21deb25a0200000009 14Apr30|04:19 "Robby Grossman" <robby@freerobby.com>
535f16305325190200000023 14Apr29|13:02 "Jay OConnor" <jaydoconnor@gmail.com>
535f0f275325190200000021 14Apr29|12:32 "Kim Dowd" <kdowd@pivotallabs.com>
535e79ee534bab0200000032 14Apr29|01:55 "Romain Nouzareth" <romain@nouzareth.com>
535df9b8534bab0200000028 14Apr28|16:48 "Tim Potter" <booleancandy@gmail.com>
535dccc035c3c50200000009 14Apr28|13:36 "Andy Eskridge" <andy.eskridge@gmail.com>
535d7d164f4855020000002d 14Apr28|07:56 "Josh Harvey" <josh@lamassu.is>
535d60b2534bab0200000013 14Apr28|05:55 "Justin Fyles" <justin@castapp.io>
535c0b94317f070200000011 14Apr27|05:40 "Matt Hucke" <hucke@cynico.net>
535a9a02c2181c0200000018 14Apr26|03:23 "Dirk Elmendorf" <dirk@elmendorf.org>
53599ef0d46f090200000046 14Apr25|09:32 "Edward Price" <ted.price@gmail.com>
535957172dfdcb0200000030 14Apr25|04:25 "EJ Finneran" <ej.finneran@gmail.com>
53593caf2dfdcb020000001b 14Apr25|02:32 "EKREM KRC" <biodiscover@gmail.com>
535935c92dfdcb0200000018 14Apr25|02:03 "Alexander Clark" <sasha.jackal@gmail.com>
535860df9cd5100200000050 14Apr24|10:54 "Claude Précourt" <claude@claudeprecourt.com>
53584a1c6f984e0200000054 14Apr24|09:17 "Tanel Suurhans" <tanelsuurhans@gmail.com>
53583ee29cd5100200000049 14Apr24|08:29 "alexander q" <alxndr@gmail.com>
53581c499cd5100200000040 14Apr24|06:02 "Helmut Fritz" <helmut@koombea.com>
535814a86f984e0200000047 14Apr24|05:29 "dinshaw gobhai" <gobhai@gmail.com>
5357e3d5a789d50200000014 14Apr24|02:01 "Jared Hoyt" <jhoyt@acumenholdings.com>
5357c0359cd510020000000c 14Apr23|23:29 "Sal Matteis" <sal@milk.ly>
5357321260e3510200000011 14Apr23|13:22 "Earl St Sauver" <estsauver@gmail.com>
5356e4da5a5039020000000b 14Apr23|07:53 "Viktor Szathmáry" <phraktle@gmail.com>
535672afb9c24d020000000d 14Apr22|23:46 "amira elmasny" <amira@merocode.com>
5350425fdb81660200000025 14Apr18|07:06 "Michael Sandt" <michael.sandt@gmail.com>
535028f966dc800200000037 14Apr18|05:18 "Bernhard Wanger" <mail@bernhardwanger.com>
534fe0a566dc80020000002b 14Apr18|00:09 "Richard Hamlin" <richard@railsfoundry.com>
534eea0f0f33e70200000010 14Apr17|06:37 "Jeff Chow" <jeff@ctrlconsole.com>
534b7d8cadf89c0200000011 14Apr14|16:17 "Dima Kurguzov" <koorgoo@gmail.com>
534b3670f22ac8020000001e 14Apr14|11:14 "Rob Halff" <rob.halff@gmail.com>
534abc276b66c50200000015 14Apr14|02:32 "Chris Guzman" <guzmantchris@gmail.com>
5349b23bee64eb0200000011 14Apr13|07:38 "Cal Leeming" <cal@iops.io>
5347f5adcdfe9e020000004a 14Apr12|00:01 "Андрей Опейкин" <aopeykin@gmail.com>
5347d44ccdfe9e0200000046 14Apr11|21:38 "hasbellaoui faycal" <hasbellaoui.faycal@gmail.com>
53472e0acdfe9e0200000025 14Apr11|09:49 "Craig Stump" <craig@bluesix.com.au>
5346f83dcdfe9e0200000015 14Apr11|05:59 "Creston Jamison" <creston.jamison@rubytreesoftware.com>
5346044df8250c020000003b 14Apr10|12:39 "Paulette Luftig" <pyluftig@gmail.com>
53452e3677a0840200000036 14Apr09|21:25 "Dmitry Wolf" <dmitry.s.wolf@gmail.com>
53441f7a95090a020000003a 14Apr09|02:10 "Lissanthea Taylor" <lt@airpair.com>
5343ef9ded8f070200000020 14Apr08|22:46 "Kristian Kuchenbaur" <kris@baursystems.com>
5342f3f3b33d7f0200000038 14Apr08|04:52 "James Vogel" <jim.m.vogel@gmail.com>
5342643db33d7f020000001c 14Apr07|18:39 "Colin Pickard" <akadruid@gmail.com>
53402624115e530200000023 14Apr06|02:49 "Waine Tam" <wainetam@gmail.com>
533f44921dcdda0200000014 14Apr05|10:47 "David Mack" <david@sketchdeck.com>
533f1ade1dcdda0200000009 14Apr05|07:49 "Todd Kamburow" <tkamburow@gmail.com>
533f1560115e530200000009 14Apr05|07:26 "Oliv V" <oliv@wit.ai>
533e9a291a055b0200000021 14Apr04|22:40 "Xeno Muta" <xenomuta@gmail.com>
533c9964ee2dd20200000014 14Apr03|10:12 "Fabio Poroli" <fporoli@gmail.com>
533c3e17ce12ed020000000a 14Apr03|03:43 "Mitul Makadia" <mitul.makadia@marutitech.com>
533c239ca9fa4b0200000036 14Apr03|01:50 "Scott Thorpe" <sthorpe@gmail.com>
533b75a5fe1e460200000015 14Apr02|13:27 "清水栄治" <eshimi@gmail.com>
533b67e78ae986020000001d 14Apr02|12:29 "Christian Serna" <cs45977@gmail.com>
533a3158a90d5b0200000020 14Apr01|14:24 "Eric Hayes" <eric@deployfx.com>
5339c657a33bc6020000001e 14Apr01|06:47 "Bryan Strawser" <bryan.strawser@gmail.com>
5338e577e713640200000022 14Mar31|14:48 "Adam Worrall" <adam@adamworrall.com>
5338934ee713640200000014 14Mar31|08:57 "Denis Mars" <marsdenis@gmail.com>
5337c31e05c69f020000001e 14Mar30|18:09 "Andrew Callahan" <andrew.callahan@gmail.com>
53375d82e201ee0200000017 14Mar30|10:55 "Parham Mirshahpanah" <pmirshahpanah@gmail.com>
5336942fd0be650200000040 14Mar29|20:36 "Alexis Nazarbaev" <defann@gmail.com>
533459160b6e77020000000b 14Mar28|04:00 "Anshuman Biswas" <anchoo2kewl@gmail.com>
5334528f0b6e77020000000a 14Mar28|03:32 "Valerie Fidan" <valeriefidan@gmail.com>
53343de7a5a651020000003d 14Mar28|02:04 "Kefei Zhou" <kefei.zhou@gmail.com>
5333ef260e9e0e0200000030 14Mar27|20:28 "Gary Myers" <gary.myers@sydoracle.com>
5333e84a0e9e0e020000002f 14Mar27|19:58 "Marco Marignoli" <marignoli.marco@gmail.com>
5333afff0e9e0e0200000024 14Mar27|15:58 "Adrienne Hall" <adriennechall@gmail.com>
53331bfb7ddd870200000009 14Mar27|05:27 "Caleb Oller" <caleboller@gmail.com>
5333129f2dd015020000001d 14Mar27|04:47 "Kit Pearson" <kitpearson@gmail.com>
5332fff9cd2c5b0200000043 14Mar27|03:27 "Zac Clay" <zacclay@gmail.com>
5332c8e92dd0150200000012 14Mar26|23:32 "George St" <george.stamel@gmail.com>
533248c775c8d8020000001d 14Mar26|14:25 "Carey D'Souza" <carey.dsouza@gmail.com>
53323bc775c8d80200000019 14Mar26|13:30 "Ryan Leslie" <ryan@renegadesnyc.com>
5332215a75c8d8020000000b 14Mar26|11:37 "Benton Anderson" <benton.anderson@gmail.com>
5331f2e99a5717020000004c 14Mar26|08:19 "Vadim Axelrod" <vadim@vadim.com>
53316f249a5717020000001b 14Mar25|22:57 "Can Burak Çilingir" <can@canb.net>
5330098aacec330200000014 14Mar24|21:31 "Lissanthea Taylor" <lissanthea@gmail.com>
532eb77dd826ab020000000f 14Mar23|21:29 "Tom Bocklisch" <tom.bocklisch@scalableminds.com>
532df95e43df99020000001b 14Mar23|07:58 "Mukesh Yadav" <mukesh@ingenioustechie.com>
532da656e921c00200000010 14Mar23|02:03 "Thomas Zickell" <tzickell@blueprintmarketing.com>
532cc409e921c00200000009 14Mar22|09:58 "Eric Sauter" <esauter5@gmail.com>
532b51ebc6ac66020000004c 14Mar21|07:39 "Sai Perchard" <Sai@desksnear.me>
532b14ee6fc8cb0200000027 14Mar21|03:18 "Ahmed Subhani" <asubhani@gmail.com>
532b0cdfc6ac66020000003a 14Mar21|02:44 "Oliver Kingshott" <oliver@kingshott.com>
532ae5b56fc8cb020000001f 14Mar20|23:57 "François Poizat" <francois.poizat@gmail.com>
53299bd1c7b6090200000023 14Mar20|00:29 "James Hughes" <yobriefca.se@gmail.com>
5328cc05c7b609020000000c 14Mar19|09:43 "Simon Weber" <sweb090@gmail.com>
532890d1df14c80200000009 14Mar19|05:30 "Andre Dublin" <81dublin@gmail.com>
53288b2ec0f6740200000009 14Mar19|05:06 "Jonathan Hinkle" <hynkle@gmail.com>
5328700b235d6b020000000b 14Mar19|03:10 "Robert Kowalski" <robert@kowalski.gd>
532705cb6435b0020000001c 14Mar18|01:25 "Forrest Sutton" <forrestsutton@gmail.com>
5326201a61c33d020000000b 14Mar17|09:05 "David Trejo" <dt@airpair.com>
532339c758a194020000003c 14Mar15|04:17 "Simon Holmes" <si@simonholmes.com>
53207542734af9020000002e 14Mar13|01:54 "Magnum Chiptonius" <grafton@gmail.com>
531e950adfc71e020000000f 14Mar11|15:46 "Robert Vandehey" <bvandehey@gmail.com>
531b601b268b35020000001f 14Mar09|05:23 "Raymond Yee" <raymond.yee@gmail.com>
531b0d9544e57d020000002b 14Mar08|23:31 "Luis Barragan" <lfbarragan@gmail.com>
531a67ce60ef61020000000a 14Mar08|11:43 "Victor Marco" <simplyvic@gmail.com>
531a474560ef610200000009 14Mar08|09:25 "Andrew Jordan" <andrew.k.jordan@gmail.com>
53196d1f887c05020000002f 14Mar07|17:54 "Romack Natividad" <romacknatividad@gmail.com>
53188b459fdf570200000016 14Mar07|01:50 "Kareem Elsirafy" <kareem@uniteus.com>
5316d29fcb62780200000015 14Mar05|18:30 "Graham TerMarsch" <graham@howlingfrog.com>
531644adcb6278020000000a 14Mar05|08:25 "Nikolay Voronchikhin" <nvoronchikhin@gmail.com>
5315ad2f0599c70200000036 14Mar04|21:38 "Ryan Jarrett" <ryanajarrett@gmail.com>
5315203e6800a70200000033 14Mar04|11:37 "Duncan Fairley" <ei3bounce@gmail.com>
53150f3b953c420200000019 14Mar04|10:24 "Brian Moore" <bmoore@mindgruve.com>
5314d0f00378a4020000001e 14Mar04|05:58 "Rob Kingyens" <rkingyens@gmail.com>
5314b2640378a40200000019 14Mar04|03:48 "Nick Nystrom" <nnystrom@gmail.com>
5312a22c75111c0200000020 14Mar02|14:14 "Ariel Krakowski" <glunker@gmail.com>
531269c5c1baaa0200000010 14Mar02|10:14 "Johnny Holton" <johnny@holton.co>
531067123b8ded020000001d 14Feb28|21:38 "ian droogmans" <ian.droogmans@gmail.com>
530ffd3514b3110200000017 14Feb28|14:06 "Federico Nafria" <federiconafria@gmail.com>
530fe5c53b8ded020000000b 14Feb28|12:26 "Jacob Tauriello" <jacob.tauriello@gmail.com>
530fddfcbd410d020000000a 14Feb28|11:53 "Ian Turgeon" <iturgeon@gmail.com>
530fb273520a81020000006f 14Feb28|08:47 "Hazman Halid" <hazmanpro@gmail.com>
530fb01767a7f9020000005a 14Feb28|08:37 "Lee Brandt" <leebrandt@gmail.com>
530f68da520a81020000003d 14Feb28|03:33 "Ingo Rammer" <ingorammer@gmail.com>
530eb3e8520a810200000018 14Feb27|14:41 "Moses Hohman" <moses@humanpractice.com>
530e6fedab59df020000002f 14Feb27|09:51 "Leah Silber" <leahsilber@gmail.com>
530e4cb8322c1a0200000033 14Feb27|07:21 "Jasdeep Singh" <narang.jasdeep@gmail.com>
530e1d6e322c1a0200000018 14Feb27|03:59 "Brian Carpenter" <brianscottcarpenter@gmail.com>
530ce94e4acf2e0200000034 14Feb26|06:04 "guillermo haas-thompson" <guillermo@brownbox.me>
530cb7114acf2e0200000028 14Feb26|02:30 "Yucel Evrimer" <yucel.evrimer@googlemail.com>
530be2363e4195020000003e 14Feb25|11:22 "anish das" <dasx0027@umn.edu>
53075a3ef7b6060200000033 14Feb22|00:53 "Matthias Bachor" <matthiasbachor@gmail.com>
530754d9f7b6060200000032 14Feb22|00:30 "László van den Hoek" <laszlo.vandenhoek@gmail.com>
5306d7f574904a0200000028 14Feb21|15:37 "Martin Schuerrer" <martin.schuerrer@gmail.com>
53060bde5ae5010200000037 14Feb21|01:06 "Aviv Ben-Yosef" <aviv.by@gmail.com>
53040e07a9a333020000001a 14Feb19|12:51 "Antoine Barrault" <barrault01@gmail.com>
5303c5f8cd41070200000013 14Feb19|07:43 "Frank Castle" <fhcastle@gmail.com>
53037d0b0903650200000045 14Feb19|02:32 "Joel Cornett" <joel.cornett@gmail.com>
530370e70903650200000042 14Feb19|01:40 "Jakub Mikuláš" <thejackub@gmail.com>
5302b7418b5a750200000022 14Feb18|12:28 "Alex Gorbatchev" <alex.gorbatchev@gmail.com>
5302b0068b5a750200000020 14Feb18|11:57 "Donal Murtagh" <domurtag@gmail.com>
530265eacf967c0200000032 14Feb18|06:41 "Markus Smet" <markussmet@gmail.com>
52fcef080415920200000044 14Feb14|03:12 "Venkat Dinavahi" <vendiddy@gmail.com>
52fc92f80415920200000040 14Feb13|20:40 "Joey Marion" <joeyzmarion@gmail.com>
52fc39dee6ee0d0200000024 14Feb13|14:19 "Adnan Khan" <lodhi79@gmail.com>
52fbf77ce613940200000011 14Feb13|09:36 "Sam Kuehn" <samkuehn@gmail.com>
52fb34bab533690200000028 14Feb12|19:45 "Oriol Gual" <oriol.gual@gmail.com>
52fa7c23b53369020000000c 14Feb12|06:38 "Joey Lawrance" <joey.lawrance@gmail.com>
52fa7578bf30fa020000000e 14Feb12|06:09 "Raymond Penners" <raymond.penners@gmail.com>
52f9de83a344340200000029 14Feb11|19:25 "Marc Melvin" <marc.melvin@gmail.com>
52f994f85b40200200000011 14Feb11|14:11 "Jennifer Morris" <jenmariemorris@gmail.com>
52f94fa29fab58020000001c 14Feb11|09:16 "Eoin McMillan" <eoinmcmillan@gmail.com>
52f94e6a064e7c0200000019 14Feb11|09:10 "Henry Stanley" <henry@henrystanley.com>
52f8c7942f9f720200000022 14Feb10|23:35 "Francis Brito" <fr.br94@gmail.com>
52f857c6d85d19020000000d 14Feb10|15:38 "Douglas Saldaña" <douglas.delarosa@gmail.com>
52f7a3d80e75930200000024 14Feb10|02:50 "Stepan Hruda" <stepan.hruda@gmail.com>
52f6db95dda46f0200000019 14Feb09|12:36 "Guillaume Delente" <guillaume.delente@gmail.com>
52f62a62eecb36020000000a 14Feb09|00:00 "Sulaiman Mukahhal, PMP" <smukahhal@gmail.com>
52f59400905ebd0200000043 14Feb08|13:18 "David Matthews" <davidolski@gmail.com>
52f4da55bb3aba0200000077 14Feb08|00:06 "Bruno C" <modfind@gmail.com>
52f4aeabbb3aba0200000071 14Feb07|21:00 "Alexander Malysh" <malysh00@gmail.com>
52f48279282d12020000009f 14Feb07|17:51 "Kylor Hall" <kylor@kylorhall.com>
52f44e044b04b3020000005e 14Feb07|14:07 "Phil Shapiro" <pshapiro99@gmail.com>
52f44d594b04b3020000005b 14Feb07|14:04 "Andre Lashley" <andre.lashley@gmail.com>
52f4094f282d120200000060 14Feb07|09:14 "Daniel Williams" <enknamel@gmail.com>
52f3df544b04b30200000015 14Feb07|06:15 "Tyler Clemens" <tyler.r.clemens@gmail.com>
52f3dca24b04b30200000013 14Feb07|06:04 "Abhinav Koppula" <abhinav.koppula@gmail.com>
52f3db324b04b30200000012 14Feb07|05:57 "Pablo Vivera" <pvivera@gmail.com>
52f3d8d6bb3aba020000000e 14Feb07|05:47 "Nick Frolov" <nikolai.frolov@gmail.com>
52f2d9c19a41c3020000000d 14Feb06|11:39 "Aaron Jensen" <aaronjensen@gmail.com>
52f2c2972339b4020000000b 14Feb06|10:00 "Jason Lor" <jasonlor@gmail.com>
52f2bbf1aca9d90200000013 14Feb06|09:32 "Aaron Barnett" <aaron@outerbody.com>
52f2aeee7a0d47020000000e 14Feb06|08:36 "Charlie Sanders" <sanderscharlie@gmail.com>
52f286540b8c8e0200000014 14Feb06|05:43 "Steven Lu" <steve@urbancompass.com>
52f2755d5d478b020000000a 14Feb06|04:31 "Korvin Szanto" <korvinszanto@gmail.com>
52f267a890df5e020000009a 14Feb06|03:32 "Robert Kelley" <coreplexor@gmail.com>
52f24aa12ca1e3020000008a 14Feb06|01:28 "Anthony Francis" <anthony@campusboard.io>
52f22ae22ca1e3020000007c 14Feb05|23:13 "Tushar Tiwari" <tushart91@gmail.com>
52f2251b90df5e0200000074 14Feb05|22:48 "Luis Abreu" <lmjabreu@gmail.com>
52f2167cf9b3140200000064 14Feb05|21:46 "Émilien Coquard" <ec@emilien.co>
52f214e890df5e020000006d 14Feb05|21:39 "Ozzie Gooen" <ozzie@bowlabs.org>
52f207582ca1e3020000006b 14Feb05|20:41 "Daniele Stroppa" <daniele.stroppa@gmail.com>
52f1d4092ca1e3020000004f 14Feb05|17:02 "Tim Lee" <timothy.t.lee@gmail.com>
52f1b8bdf9b3140200000041 14Feb05|15:06 "rakesh annavarapu" <rakesh201826@gmail.com>
52f18ac990df5e020000001a 14Feb05|11:50 "Leonard Teo" <leonard@ballistiq.com>
52f188892ca1e30200000019 14Feb05|11:40 "Akiva Bamberger" <akiva.bamberger@gmail.com>
52f17d606077c2020000003c 14Feb05|10:53 "Yuk Lai Suen" <yuklai.suen@gmail.com>
52f17c5ff13bc70200000032 14Feb05|10:48 "Adam Baldwin" <baldwin@andyet.net>
52f17bd7bbb67b0200000013 14Feb05|10:46 "Jacob Relkin" <jacobrelkin@gmail.com>
52f1792cf13bc7020000002c 14Feb05|10:35 "Alexandre Cognard" <ac@rlagency.fr>
52f1771f2c72ca020000001d 14Feb05|10:26 "Swaraj Banerjee" <swarajban@gmail.com>
52f176def13bc7020000001e 14Feb05|10:25 "Jack Billström" <jack.billstrom.te11@svall.ntig.se>
52f175f96077c20200000020 14Feb05|10:21 "Adrián Pérez" <aperezhrd@gmail.com>
52f172566077c20200000015 14Feb05|10:05 "Josh Luddeni" <josh.luddeni@gmail.com>
52f1716af13bc7020000000a 14Feb05|10:02 "Mauricio Saglietto" <msaglietto@gmail.com>
52f16b939bdfed0200000043 14Feb05|09:37 "Kevin Xu" <kevin@imkevinxu.com>
52f16a3e558d810200000034 14Feb05|09:31 "Cornelius Lilge" <cornelius.lilge@gmail.com>
52f168eb9bdfed0200000040 14Feb05|09:25 "Chris Schneider" <chris@christopher-schneider.com>
52f15ca79bdfed020000002d 14Feb05|08:33 "Mark Hayes" <mark@zurb.com>
52f15a7db437df020000002e 14Feb05|08:24 "Evan Gower" <jgower@gmail.com>
52f158719bdfed0200000026 14Feb05|08:15 "Mukund Jha" <mukundjha@gmail.com>
52f156edb437df0200000029 14Feb05|08:09 "Zack Bloom" <zackbloom@gmail.com>
52f14e8eb437df0200000018 14Feb05|07:33 "Ken Downey" <kendowney.com@gmail.com>
52f14c82558d810200000016 14Feb05|07:24 "Joseph Redfern" <joseph@redfern.me>
52f14a46b437df0200000010 14Feb05|07:15 "Bram Swenson" <bram@craniumisajar.com>
52f149f4558d810200000013 14Feb05|07:13 "Thomas Hansen" <thomas@fresklabs.com>
52f145d1b437df020000000d 14Feb05|06:56 "Zack Rodgers" <buckzd@gmail.com>
52f13aba8944360200000009 14Feb05|06:08 "李宗晟" <lizongshenglzs@gmail.com>
52eff6ce5f3f6e020000000a 14Feb04|07:06 "Matt DeBergalis" <matt@meteor.com>
52eff353f36ea0020000000f 14Feb04|06:51 "Mike Ball" <mwball@gmail.com>
52ee774bd1c9a20200000010 14Feb03|03:50 "Joshua Kordani" <joshua.kordani@gmail.com>
52ea53e4156bb1020000000c 14Jan31|00:30 "DIEGO FERNANDO ACHURY ORTIZ" <achurycompany@gmail.com>
52ea40c0e441b3020000000e 14Jan30|23:08 "Mustafa Arif" <mustafa.arif@aqovia.com>
52e8ad98f8951c0200000014 14Jan29|18:28 "Joe Davison" <jld.tablet@gmail.com>
52e650e33cb9ee0200000011 14Jan27|23:28 "Leif Singer" <leif.singer@gmail.com>
52e4e7818ab6bb020000000c 14Jan26|21:46 "Géraud MATHE" <gmathe08@gmail.com>
52e4da8593f9460200000009 14Jan26|20:51 "Michael Reinsch" <michael@doorkeeper.jp>
52e4b8c993f9460200000008 14Jan26|18:27 "Chris McKenna" <chris.mediathread@gmail.com>
52e29f126cebb70200000012 14Jan25|04:12 "Javier Fernández" <jfernandez@whynotsoluciones.com>
52e1c0897ec4cb020000001d 14Jan24|12:23 "Radu Cugut" <rcugut@gmail.com>
52e121cd6efc050200000008 14Jan24|01:06 "Jeroen van den Bos" <jeroen@infuse.org>
52d9b85db7efbc0200000012 14Jan18|10:10 "Stephanie Daugherty" <sdaugherty@gmail.com>
52d9354c506b1b020000001b 14Jan18|00:51 "Said Maadan" <saydmaadan@gmail.com>
52d7d94d84b002020000001e 14Jan17|00:06 "Jen Amy Lim" <jen.amy.lim@gmail.com>
52d7055e174f2a0200000020 14Jan16|09:02 "Piotr Orwat" <piotr@orwat.info>
52d2656c5c24b0020000000b 14Jan12|20:50 "Gorgi Kosev" <gorgi.kosev@gmail.com>
52d049981970e00200000007 14Jan11|06:27 "Stephen Aument" <saument@gmail.com>
52c3a666728adf0200000008 14Jan01|16:23 "Maurice Womack" <womackm@gmail.com>
52c23a85d9e7d3020000000d 13Dec31|14:31 "Ionel Cristian Maries" <ionel.mc@gmail.com>
52c1d166197378020000000d 13Dec31|07:02 "João Graça" <gracaninja@gmail.com>
52b92822964914020000001d 13Dec24|17:22 "Jeff Ngotho" <getngothonow@gmail.com>
52b4c3143837980200000008 13Dec21|09:22 "Ernie Casilla" <ecasilla01@gmail.com>
52b2f048a76ad20200000052 13Dec20|00:10 "Mike Dalessio" <mike.dalessio@gmail.com>
52af146ea89c2e020000001f 13Dec17|01:55 "David Knapp" <david.knapp@apexbpm.com>
52adb6da8b7f510200000185 13Dec16|01:04 "Rory Anderson" <jragonltd@googlemail.com>
52a9f9a2525ebd0200000012 13Dec13|05:00 "Martin Ellis" <ellis.m.a@gmail.com>
52a8d84ccf342e020000003f 13Dec12|08:25 "Dana Levine" <dana11235@gmail.com>
52a8c863cf342e0200000039 13Dec12|07:17 "Jonathan Summer" <nycmonkey@gmail.com>
52a5eb80cf238f020000002b 13Dec10|03:10 "Herbert Poul" <herbert.poul@gmail.com>
52a5533bcf238f0200000018 13Dec09|16:20 "Senthu Sambasivam" <senthu3@gmail.com>
52a3010aebad2b020000002e 13Dec07|22:05 "Rafa de Castro" <rafadecastro@gmail.com>
52a0e68c6d663b0200000006 13Dec06|07:48 "Thomas LAURENT" <thomas.laurent.gm@gmail.com>
529f602a1a4bf0020000003c 13Dec05|04:02 "J Xalapax" <jxalapax@gmail.com>
529e4747cb540502000000a5 13Dec04|08:04 "John Dyer" <lbrapid@gmail.com>
529e4312cb540502000000a2 13Dec04|07:46 "Ali Rizvi" <aliabbasrizvi@gmail.com>
529e292dcb5405020000006c 13Dec04|05:55 "Schabse Laks" <schabse@gmail.com>
529724864546790200000037 13Nov28|22:09 "Richard Standbrook" <richard.standbrook@gmail.com>
529690744546790200000025 13Nov28|11:38 "Michael van Holst" <mikevanholst@gmail.com>
52964879454679020000000a 13Nov28|06:31 "Kurtis Funai" <jesuiskurt@gmail.com>
5295db391eecf70200000032 13Nov27|22:44 "Giovanni Degiorgi" <degiorgi@gmail.com>
529551fc1eecf7020000001b 13Nov27|12:59 "Joseph Mainwaring" <jm@theaccordance.com>
5293252a185fa70200000026 13Nov25|21:23 "Dominik Kukacka" <dominik@creativebrains.net>
5291a63fb949470200000010 13Nov24|18:09 "Doug Sparling" <sparling.doug@gmail.com>
5290b8590f5fb00200000016 13Nov24|01:14 "Jack Stevens" <jac.stevens@gmail.com>
529072f40f5fb0020000000d 13Nov23|20:18 "Dominik Schlaepfer" <doemsche.schlaepfer@gmail.com>
528e963eb12e730200000066 13Nov22|10:24 "Scott Sayles" <scott@create.it>
528d13f74ce1cd020000000d 13Nov21|06:56 "Kubilay Eksioglu" <kubilayeksioglu@gmail.com>
52858b48de63360200000010 13Nov15|13:47 "Rick Jones" <rick64@gmail.com>
5281796fc1fcad020000000c 13Nov12|11:42 "Bobby Mazzotti" <robert.mazzotti@gmail.com>
527a0bbddae9b20200000021 13Nov06|20:28 "Aleksandar Gosevski" <gosevskibg@gmail.com>
5277da960be575020000000d 13Nov05|04:34 "Francis Brunelle" <frabrunelle@gmail.com>
5276faef578ea9020000000f 13Nov04|12:39 "Rodrigo Medeiros" <rodrigo.mangue@gmail.com>
5272946ff7f1d4020000001e 13Nov01|04:33 "Amiel Martin" <amiel@carnesmedia.com>
5271d3acf7f1d40200000006 13Oct31|14:51 "Katherine Chalmers" <katchal@yahoo.com>
527027e600a177020000001e 13Oct30|08:25 "Dana De Alasei" <jecroisen@gmail.com>
527026ea00a177020000001b 13Oct30|08:21 "Saidur Hossain" <astroid1512@gmail.com>
526fdbb68593ce0200000019 13Oct30|03:00 "Mohd Qusyairi Ahmad senusi" <qusyairi@gmail.com>
526fc8e18593ce0200000013 13Oct30|01:40 "Brandon Toone" <btoone@gmail.com>
526fc4f28593ce020000000f 13Oct30|01:23 "Manish Valechha" <manishval@gmail.com>
5267cf33df03950200000012 13Oct24|00:29 "Sean Scurlock" <sean.scurlock@gmail.com>
52643a1a90d9bf0200000008 13Oct21|07:16 "Taylor Holliday" <wtholliday@gmail.com>
5261d60f20ab91020000002b 13Oct19|11:45 "David Wilbanks" <dwilbank@gmail.com>
52546552a0d82e0200000015 13Oct09|07:04 "Colin Dabritz" <colin.dabritz@gmail.com>
524c8b7ca42aa00200000052 13Oct03|07:09 "Jon Heller" <jon@adaroconsulting.com>
524c7e2ca42aa0020000001a 13Oct03|06:12 "Micah Roberson" <micah.roberson@gmail.com>
524c7dd2a42aa00200000014 13Oct03|06:10 "Chris Cothrun" <mutagen@gmail.com>
524c777518a667020000002e 13Oct03|05:43 "Nicolas Cavigliano" <ncavig@gmail.com>
524c73ab3f8d6a0200000014 13Oct03|05:27 "Greg Bowyer" <g.j.bowyer@gmail.com>
524b7623293a46020000002e 13Oct02|11:25 "Sharon DiOrio" <sharondio@gmail.com>
52443b45d819570200000006 13Sep26|23:48 "Todd Persen" <todd.persen@gmail.com>
52431ced1c9b0f0200000013 13Sep26|03:27 "Mark Sim" <marksim@gmail.com>
5242d3a11c9b0f0200000007 13Sep25|22:14 "Brett McHargue" <brett@mchargue.net>
523f354e7752200200000010 13Sep23|04:22 "Yiannis Deliyiannis" <istoselidas@gmail.com>
523c38b662b0ea0200000015 13Sep20|21:59 "Vlad Korolev" <vlad@v-lad.org>
523a2392c685250200000011 13Sep19|08:05 "Jake Peterson" <junzijake@gmail.com>
5239dbf3190239020000002f 13Sep19|02:59 "Derek Chen" <derekchen14@gmail.com>
5235db459b91b70200000010 13Sep16|02:07 "Ahmed Abu-Nadar" <ahmednadar@gmail.com>
5234c9bf9b91b70200000006 13Sep15|06:40 "victor jalencas" <victor.jalencas@gmail.com>
5233591c6241e6020000000d 13Sep14|04:27 "Gera Yeremin" <gera3d@gmail.com>
523177df746ee90200000045 13Sep12|18:14 "Dan Grankin" <liquidautumn@gmail.com>
5230f41f746ee90200000039 13Sep12|08:52 "Jehan Tremback" <jehan@sfdevlabs.com>
522f997db4b1c60200000062 13Sep11|08:13 "Geoffrey Ngotho" <geoffrey.ngotho@gmail.com>
522f37ddb4b1c60200000045 13Sep11|01:16 "Allain Lalonde" <allain.lalonde@gmail.com>
522809c9651a6e020000002f 13Sep05|14:34 "Joshua Suggs" <joshsuggs@gmail.com>
52275cae651a6e0200000015 13Sep05|02:15 "Eugenijus Radlinskas" <eugenijus.radlinskas@gmail.com>
5220fc096006a70200000008 13Aug31|06:09 "Mike Strand" <mxstrand@gmail.com>
521beacf4336a80200000048 13Aug27|09:54 "Joey Padot" <joey@padot.us>
521bcbc74336a80200000030 13Aug27|07:42 "TJ Singleton" <inaweofhim@gmail.com>
521b4e6272c686020000000f 13Aug26|22:47 "Eddie Vlagea" <eddie.vlagea@gmail.com>
52165468e96b960200000006 13Aug23|04:11 "Suneel Marthi" <suneel.marthi@gmail.com>
5214d3adc9c2150200000016 13Aug22|00:50 "James Wickett" <wickett@gmail.com>
52149c7cc9c2150200000010 13Aug21|20:54 "Aaric Pittman" <aaricpittman@gmail.com>
5213abce35c2340200000029 13Aug21|03:47 "Marcus McLaughlin" <marcus.mc@gmail.com>
52139f1b35c234020000001d 13Aug21|02:53 "James White" <james.s.white@gmail.com>
521213bd0c77480200000022 13Aug19|22:46 "Alex Levy" <mesozoic@gmail.com>
520c11cab3e6350200000007 13Aug15|09:24 "Geoffrey Dunn" <gmdunn@gmail.com>
5209aa038c9e1d0200000009 13Aug13|13:37 "Ian Bicking" <ianbicking@gmail.com>
520969a98c9e1d0200000007 13Aug13|09:03 "Desmond Morris" <hi@desmondmorris.com>
52080d65d662f50200000006 13Aug12|08:17 "Dan Sowter" <dansowter@gmail.com>
520718b42698a9020000000f 13Aug11|14:53 "Darcy Clark" <darcy@qualitysystems.com>
52067d7771f6780200000047 13Aug11|03:50 "韩冰" <h.bing612@gmail.com>
520620e971f6780200000030 13Aug10|21:15 "Bryan Liles" <bryanliles@gmail.com>
5205646c71f678020000000c 13Aug10|07:51 "Joel Brass" <joel@jbrass.com>
5204f190a8b2870200000019 13Aug09|23:41 "Anton Zolotov" <anton@gunpowderlabs.com>
5204eb2fa8b2870200000018 13Aug09|23:14 "Dylan O'Shea" <dylan.j.oshea@gmail.com>
520447a64af6ba0200000047 13Aug09|11:36 "Mark Nyon" <nyonmark@gmail.com>
520446024af6ba0200000046 13Aug09|11:29 "Joseph DeVenuta" <j@venator.vc>
520424df4af6ba0200000031 13Aug09|09:08 "Omar Uddin" <omar@uvisionconsulting.com>
52041d264af6ba0200000029 13Aug09|08:35 "Frank Webber" <franklin.webber@gmail.com>
5204139d4af6ba0200000021 13Aug09|07:54 "Alok Tandon" <atando2@gmail.com>
52032e21c74261020000001e 13Aug08|15:35 "Jonathan Chhabra" <sonicrida@gmail.com>
5202b500c74261020000000c 13Aug08|06:58 "Daniel Collis-Puro" <dan@collispuro.net>
51fbd81f869be3020000001e 13Aug03|02:02 "Albert Pak" <albertpak98@gmail.com>
51fbbf22869be3020000001c 13Aug03|00:16 "Chamila Udukumbura" <chamila@gmail.com>
51f84ceecdcd710200000006 13Jul31|09:31 "Steve Quatrani" <spq2461@gmail.com>
51f5639e2ec30c0200000006 13Jul29|04:31 "Jonathan Kovis" <jonathan.kovis@gmail.com>
51f232c406d842020000000b 13Jul26|18:26 "Jan Petrovic" <jan@proimpact7.com>
51e98883e658d60200000007 13Jul20|04:42 "Alejandro Gaviria" <mr.gaviria@gmail.com>
51e57acba1896a0200000004 13Jul17|02:54 "Ronan O Ciosoig" <ronano.ciosoig@gmail.com>
51dafd5dff166e0200000004 13Jul09|03:56 "Bogdan Vizureanu" <bogdan.vizureanu@gmail.com>
51d8014fad0e4f0200000009 13Jul06|21:36 "Matthew Webb" <matthewowebb@gmail.com>
51c7a70587b25a0200000019 13Jun24|11:55 "Nicholas Muldoon" <njm@noodlum.org>
51c0be6ce622c80200000004 13Jun19|06:09 "Damien Hogan" <damienhogan87@gmail.com>
51bf7f758b437e0200000005 13Jun18|07:28 "Obed Lorisson" <obed.lorisson@gmail.com>
51bf57f9fbd41b0200000016 13Jun18|04:39 "Andrew Thompson" <aktzero@gmail.com>
51bf2335fbd41b0200000012 13Jun18|00:54 "sirramongabriel ." <sirramongabriel@gmail.com>
51ba644e86d4070200000011 13Jun14|10:31 "Marc Rendl Ignacio" <marcrendlignacio@gmail.com>
51b8eb8a41fae90200000005 13Jun13|07:43 "Mike Peltzer" <mspeltzer@gmail.com>
51b247c022ddda0200000007 13Jun08|06:51 "John Towell" <john.towell@gmail.com>
51b0b0b5900c860200000015 13Jun07|01:54 "Steven Klassen" <sklassen@gmail.com>
51b07ca8900c860200000011 13Jun06|22:12 "Matei Pavel" <matei@konk-media.com>
51ab62e3ea531a020000000c 13Jun03|01:21 "Ajmal Afif Jamal" <ajmalafif@gmail.com>
51a90e4f0d3b6f0200000020 13Jun01|06:55 "Larry Han" <larryhan@gmail.com>
51a90d1b0d3b6f020000001f 13Jun01|06:50 "Zachary Anker" <zach.anker@gmail.com>
51a6bfd4960c490200000005 13May30|12:56 "ryo hang" <ryo.hang@gmail.com>
51a6803d18dd8a0200000029 13May30|08:25 "Matthew E Garbis" <meg2208@columbia.edu>
515b76b4eb85470200000044 13Apr03|11:24 "Sumukh Sridhara" <sumukh1@gmail.com>
515b761feb85470200000043 13Apr03|11:21 "Richardson" <richardsondx@gmail.com>
515b7144eb8547020000003f 13Apr03|11:01 "Tyler Balaban" <tyler.balaban@gmail.com>
515a8f84eb8547020000003c 13Apr02|18:57 "Nick Parsons" <nparsons08@gmail.com>
5154c47cd96db10200000085 13Mar29|09:30 "Felix Shnir" <felix.shnir@gmail.com>
5154c2efd96db10200000082 13Mar29|09:23 "Francisco Krieser" <franciscokrieser@gmail.com>
5154c24ed96db10200000080 13Mar29|09:21 "Julio Betta" <juliobetta@gmail.com>
5154bfecd96db1020000007c 13Mar29|09:10 "Kiryl Yermakou" <rma4ok@gmail.com>
5154beeed96db1020000006e 13Mar29|09:06 "Jess Martin" <jessmartin@gmail.com>
5154bd53d96db10200000068 13Mar29|08:59 "Steven Yang" <contact@zenhacks.org>
5154a185d96db10200000066 13Mar29|07:01 "Kristi Gock" <ginkris@gmail.com>
5154a12fd96db10200000065 13Mar29|06:59 "Roshan Choxi" <roshan.choxi@gmail.com>
51549eb9d96db10200000061 13Mar29|06:49 "Ray Hilton" <ray@wirestorm.net>
51549e5cd96db10200000060 13Mar29|06:47 "Thibaut Colar" <tcolar@colar.net>
51549d88d96db1020000005a 13Mar29|06:44 "Eddie Lau" <tatonlto@gmail.com>
51549d26d96db10200000051 13Mar29|06:42 "Raul Tudor" <tudorraul@gmail.com>
51549c15d96db10200000050 13Mar29|06:37 "Mike van Hoenselaar" <mike@freshter.com>
515498b7d96db10200000045 13Mar29|06:23 "Todd Morrill" <todd@toddmorrill.com>
514d5d5da521340200000054 13Mar23|18:44 "Harry Moreno" <morenoh149@gmail.com>
514a460dbf82130200000065 13Mar21|10:28 "Ruben Laureys" <laureysruben@gmail.com>
5149de1e5fc6390200000016 13Mar21|03:04 "Karan Kurani" <karankurani@hotmail.com>
51494169c28baf0200000019 13Mar20|15:56 "Nícolas Iensen" <nicolas@engage.is>
5148cce99820900200000020 13Mar20|07:39 "Carlos Ferrera" <ferreyr@gmail.com>
514825fa2a26ea0200000042 13Mar19|19:46 "Jake Verbaten" <raynos2@gmail.com>
514825fa2a26ea020000003f 13Mar19|19:46 "Paul Miller" <paul@paulmillr.com>
